DEPTH_m	DHAP_psi	DHAT_degC
0.0641	1532.0000	5.0000
0.2165	1532.0000	5.0000
0.3689	1532.0000	5.0000
0.5213	1532.0000	5.0000
0.6737	1532.0000	5.0000
0.8261	1532.0000	5.0000
0.9785	1532.0000	5.0000
1.1309	1532.0000	5.0000
1.2833	1532.0000	5.0000
1.4357	1532.0000	5.0000
1.5881	1532.0000	5.0000
1.7405	1532.0000	5.0000
1.8929	1532.0000	5.0000
2.0453	1532.0000	5.0000
2.1977	1532.0000	5.0000
2.3501	1532.0000	5.0000
2.5025	1532.0000	5.0000
2.6549	1532.0000	5.0000
2.8073	1532.0000	5.0000
2.9597	1532.0000	5.0000
3.1121	1532.0000	5.0000
3.2645	1532.0000	5.0000
3.4169	1532.0000	5.0000
3.5693	1532.0000	5.0000
3.7217	1532.0000	5.0000
3.8741	1532.0000	5.0000
4.0265	1532.0000	5.0000
4.1789	1532.0000	5.0000
4.3313	1532.0000	5.0000
4.4837	1532.0000	5.0000
4.6361	1532.0000	5.0000
4.7885	1532.0000	5.0000
4.9409	1532.0000	5.0000
5.0933	1532.0000	5.0000
5.2457	1532.0000	5.0000
5.3981	1532.0000	5.0000
5.5505	1532.0000	5.0000
5.7029	1532.0000	5.0000
5.8553	1532.0000	5.0000
6.0077	1532.0000	5.0000
6.1601	1532.0000	5.0000
6.3125	1532.0000	5.0000
6.4649	1532.0000	5.0000
6.6173	1532.0000	5.0000
6.7697	1532.0000	5.0000
6.9221	1532.0000	5.0000
7.0745	1532.0000	5.0000
7.2269	1532.0000	5.0000
7.3793	1532.0000	5.0000
7.5317	1532.0000	5.0000
7.6841	1532.0000	5.0000
7.8365	1532.0000	5.0000
7.9889	1532.0000	5.0000
8.1413	1532.0000	5.0000
8.2937	1532.0000	5.0000
8.4461	1532.0000	5.0000
8.5985	1532.0000	5.0000
8.7509	1532.0000	5.0000
8.9033	1532.0000	5.0000
9.0557	1532.0000	5.0000
9.2081	1532.0000	5.0000
9.3605	1532.0000	5.0000
9.5129	1532.0000	5.0000
9.6653	1532.0000	5.0000
9.8177	1532.0000	5.0000
9.9701	1532.0000	5.0000
10.1225	1532.0000	5.0000
10.2749	1532.0000	5.0000
10.4273	1532.0000	5.0000
10.5797	1532.0000	5.0000
10.7321	1532.0000	5.0000
10.8845	1532.0000	5.0000
11.0369	1532.0000	5.0000
11.1893	1532.0000	5.0000
11.3417	1532.0000	5.0000
11.4941	1532.0000	5.0000
11.6465	1532.0000	5.0000
11.7989	1532.0000	5.0000
11.9513	1532.0000	5.0000
12.1037	1532.0000	5.0000
12.2561	1532.0000	5.0000
12.4085	1532.0000	5.0000
12.5609	1532.0000	5.0000
12.7133	1532.0000	5.0000
12.8657	1532.0000	5.0000
13.0181	1532.0000	5.0000
13.1705	1532.0000	5.0000
13.3229	1532.0000	5.0000
13.4753	1532.0000	5.0000
13.6277	1532.0000	5.0000
13.7801	1532.0000	5.0000
13.9325	1532.0000	5.0000
14.0849	1532.0000	5.0000
14.2373	1532.0000	5.0000
14.3897	1532.0000	5.0000
14.5421	1532.0000	5.0000
14.6945	1532.0000	5.0000
14.8469	1532.0000	5.0000
14.9993	1532.0000	5.0000
15.1517	1532.0000	5.0000
15.3041	1532.0000	5.0000
15.4565	1532.0000	5.0000
15.6089	1532.0000	5.0000
15.7613	1532.0000	5.0000
15.9137	1532.0000	5.0000
16.0661	1532.0000	5.0000
16.2185	1532.0000	5.0000
16.3709	1532.0000	5.0000
16.5233	1532.0000	5.0000
16.6757	1532.0000	5.0000
16.8281	1532.0000	5.0000
16.9805	1532.0000	5.0000
17.1329	1532.0000	5.0000
17.2853	1532.0000	5.0000
17.4377	1532.0000	5.0000
17.5901	1532.0000	5.0000
17.7425	1532.0000	5.0000
17.8949	1532.0000	5.0000
18.0473	1532.0000	5.0000
18.1997	1532.0000	5.0000
18.3521	1532.0000	5.0000
18.5045	1532.0000	5.0000
18.6569	1532.0000	5.0000
18.8093	1532.0000	5.0000
18.9617	1532.0000	5.0000
19.1141	1532.0000	5.0000
19.2665	1532.0000	5.0000
19.4189	1532.0000	5.0000
19.5713	1532.0000	5.0000
19.7237	1532.0000	5.0000
19.8761	1532.0000	5.0000
20.0285	1532.0000	5.0000
20.1809	1532.0000	5.0000
20.3333	1532.0000	5.0000
20.4857	1532.0000	5.0000
20.6381	1532.0000	5.0000
20.7905	1532.0000	5.0000
20.9429	1532.0000	5.0000
21.0953	1532.0000	5.0000
21.2477	1532.0000	5.0000
21.4001	1532.0000	5.0000
21.5525	1532.0000	5.0000
21.7049	1532.0000	5.0000
21.8573	1532.0000	5.0000
22.0097	1532.0000	5.0000
22.1621	1532.0000	5.0000
22.3145	1532.0000	5.0000
22.4669	1532.0000	5.0000
22.6193	1532.0000	5.0000
22.7717	1532.0000	5.0000
22.9241	1532.0000	5.0000
23.0765	1532.0000	5.0000
23.2289	1532.0000	5.0000
23.3813	1532.0000	5.0000
23.5337	1532.0000	5.0000
23.6861	1532.0000	5.0000
23.8385	1532.0000	5.0000
23.9909	1532.0000	5.0000
24.1433	1532.0000	5.0000
24.2957	1532.0000	5.0000
24.4481	1532.0000	5.0000
24.6005	1532.0000	5.0000
24.7529	1532.0000	5.0000
24.9053	1532.0000	5.0000
25.0577	1532.0000	5.0000
25.2101	1532.0000	5.0000
25.3625	1532.0000	5.0000
25.5149	1532.0000	5.0000
25.6673	1532.0000	5.0000
25.8197	1532.0000	5.0000
25.9721	1532.0000	5.0000
26.1245	1532.0000	5.0000
26.2769	1532.0000	5.0000
26.4293	1532.0000	5.0000
26.5817	1532.0000	5.0000
26.7341	1532.0000	5.0000
26.8865	1532.0000	5.0000
27.0389	1532.0000	5.0000
27.1913	1532.0000	5.0000
27.3437	1532.0000	5.0000
27.4961	1532.0000	5.0000
27.6485	1532.0000	5.0000
27.8009	1532.0000	5.0000
27.9533	1532.0000	5.0000
28.1057	1532.0000	5.0000
28.2581	1532.0000	5.0000
28.4105	1532.0000	5.0000
28.5629	1532.0000	5.0000
28.7153	1532.0000	5.0000
28.8677	1532.0000	5.0000
29.0201	1532.0000	5.0000
29.1725	1532.0000	5.0000
29.3249	1532.0000	5.0000
29.4773	1532.0000	5.0000
29.6297	1532.0000	5.0000
29.7821	1532.0000	5.0000
29.9345	1532.0000	5.0000
30.0869	1532.0000	5.0000
30.2393	1532.2340	5.0020
30.3917	1647.0000	6.0000
30.5441	1649.0000	6.0000
30.6965	1650.0000	6.0000
30.8489	1649.0000	6.0000
31.0013	1648.0000	6.0000
31.1537	1649.0000	6.0000
31.3061	1649.0000	6.0000
31.4585	1648.0000	6.0000
31.6109	1648.0020	6.0000
31.7633	1649.0000	6.0000
31.9157	1647.0000	6.0000
32.0681	1647.0000	6.0000
32.2205	1648.0000	6.0000
32.3729	1649.0000	7.0000
32.5253	1647.0040	7.0000
32.6777	1649.0000	7.0000
32.8301	1647.0000	7.0000
32.9825	1647.0000	7.0000
33.1349	1647.0020	7.0000
33.2873	1651.0000	7.0000
33.4397	1651.0000	7.0000
33.5921	1651.0000	7.0000
33.7445	1651.0020	7.0000
33.8969	1652.0000	7.0000
34.0493	1653.0000	7.0000
34.2017	1654.0000	7.0000
34.3541	1654.0020	8.0000
34.5065	1654.0000	8.0000
34.6589	1655.0000	8.0000
34.8113	1656.0000	8.0000
34.9637	1655.0000	8.0000
35.1161	1653.0000	8.0000
35.2685	1653.0000	8.0000
35.4209	1655.0000	8.0000
35.5733	1652.0000	8.0000
35.7257	1655.0000	8.0000
35.8781	1656.0000	8.0000
36.0305	1656.0000	8.0000
36.1829	1656.0000	8.0000
36.3353	1656.0000	8.0000
36.4877	1656.0000	8.0000
36.6401	1656.9960	8.0000
36.7925	1658.0000	8.0000
36.9449	1656.0040	8.0000
37.0973	1655.0000	8.0000
37.2497	1658.0000	8.0000
37.4021	1657.0000	8.0000
37.5545	1657.0000	8.0000
37.7069	1660.0000	8.0000
37.8593	1657.0000	8.0000
38.0117	1658.0000	8.0000
38.1641	1657.0000	8.0000
38.3165	1660.0000	8.0000
38.4689	1656.0000	8.0000
38.6213	1660.0000	8.0000
38.7737	1660.9801	8.0000
38.9261	1661.0000	8.0000
39.0785	1657.0000	8.0000
39.2309	1661.0000	8.0000
39.3833	1661.9960	8.0000
39.5357	1660.0000	8.0000
39.6881	1659.0000	8.0000
39.8405	1660.0000	8.0000
39.9929	1661.0000	8.0000
40.1453	1660.0000	8.0000
40.2977	1662.0000	8.0000
40.4501	1662.0000	8.0000
40.6025	1664.0000	8.0000
40.7549	1662.0000	8.0000
40.9073	1663.0040	8.0000
41.0597	1663.0000	8.0000
41.2121	1664.0000	8.0000
41.3645	1662.0000	8.0000
41.5169	1664.0000	8.0000
41.6693	1664.0000	8.0000
41.8217	1664.0000	8.0000
41.9741	1665.0000	8.0000
42.1265	1667.0000	8.0000
42.2789	1664.0000	8.0000
42.4313	1665.9960	8.0000
42.5837	1663.0000	8.0000
42.7361	1665.0000	8.0000
42.8885	1667.0000	8.0000
43.0409	1666.0000	8.0000
43.1933	1666.0000	8.0000
43.3457	1666.0000	8.0000
43.4981	1666.0000	8.0000
43.6505	1668.0000	8.0000
43.8029	1669.0000	8.0000
43.9553	1669.0000	8.0000
44.1077	1669.0000	8.0000
44.2601	1666.0000	8.0000
44.4125	1667.0000	8.0000
44.5649	1669.0000	8.0000
44.7173	1668.0000	8.0000
44.8697	1669.0000	8.0000
45.0221	1670.0000	8.0000
45.1745	1669.0000	8.0000
45.3269	1671.0000	8.0000
45.4793	1671.0000	8.0000
45.6317	1670.0000	8.0000
45.7841	1670.0000	8.0000
45.9365	1669.0000	8.0000
46.0889	1671.0000	8.0000
46.2413	1674.0000	8.0000
46.3937	1672.0000	8.0000
46.5461	1672.0000	8.0000
46.6985	1672.0000	8.0000
46.8509	1673.0000	8.0000
47.0033	1672.0000	8.0000
47.1557	1672.0000	8.0000
47.3081	1672.0000	8.0000
47.4605	1672.0000	8.0000
47.6129	1672.0000	8.0000
47.7653	1672.0000	8.0000
47.9177	1675.0000	8.0000
48.0701	1672.0079	8.0000
48.2225	1676.0000	8.0000
48.3749	1675.0000	8.0000
48.5273	1673.0000	8.0000
48.6797	1674.0000	8.0000
48.8321	1674.0000	8.0000
48.9845	1674.0000	8.0000
49.1369	1677.0000	8.0000
49.2893	1678.0000	8.0000
49.4417	1675.0000	8.0000
49.5941	1677.0000	8.0000
49.7465	1677.0000	8.0000
49.8989	1679.0000	8.0000
50.0513	1678.0000	8.0000
50.2037	1678.0000	8.0000
50.3561	1678.0000	8.0000
50.5085	1680.0000	8.0000
50.6609	1679.0000	8.0000
50.8133	1676.0000	8.0000
50.9657	1678.0000	8.0000
51.1181	1679.0000	8.0000
51.2705	1679.0000	8.0000
51.4229	1679.0000	8.0000
51.5753	1679.0000	8.0000
51.7277	1681.0000	8.0000
51.8801	1683.0000	8.0000
52.0325	1678.0000	8.0000
52.1849	1681.0000	8.0000
52.3373	1681.0000	8.0000
52.4897	1681.0000	8.0000
52.6421	1682.9880	8.0000
52.7945	1683.0000	8.0000
52.9469	1682.0000	8.0000
53.0993	1681.0000	8.0000
53.2517	1683.0079	8.0000
53.4041	1682.0000	8.0000
53.5565	1684.0000	8.0000
53.7089	1685.0000	8.0000
53.8613	1684.0000	8.0000
54.0137	1683.0000	8.0000
54.1661	1684.0000	8.0000
54.3185	1686.0000	8.0000
54.4709	1685.0000	8.0000
54.6233	1687.0000	8.0000
54.7757	1685.0000	8.0000
54.9281	1687.0000	8.0000
55.0805	1685.0000	8.0000
55.2329	1685.0000	8.0000
55.3853	1684.0000	8.0000
55.5377	1684.0000	8.0000
55.6901	1684.0000	8.0000
55.8425	1687.0000	8.0000
55.9949	1688.0000	8.0000
56.1473	1687.0000	8.0000
56.2997	1688.0000	8.0000
56.4521	1688.0000	8.0000
56.6045	1690.0000	8.0000
56.7569	1689.0000	8.0000
56.9093	1690.0000	8.0000
57.0617	1690.0000	8.0000
57.2141	1690.0000	8.0000
57.3665	1692.0000	8.0000
57.5189	1687.0000	8.0000
57.6713	1689.0000	8.0000
57.8237	1690.0000	8.0000
57.9761	1692.0000	8.0000
58.1285	1692.0000	8.0000
58.2809	1691.0000	8.0000
58.4333	1689.0000	8.0000
58.5857	1692.0000	8.0000
58.7381	1693.0000	8.0000
58.8905	1692.0000	8.0000
59.0429	1693.0000	8.0000
59.1953	1693.0000	8.0000
59.3477	1695.0000	8.0000
59.5001	1692.0000	8.0000
59.6525	1691.0000	8.0000
59.8049	1694.0000	8.0000
59.9573	1691.0000	8.0000
60.1097	1694.0000	8.0000
60.2621	1692.0000	8.0000
60.4145	1694.0040	8.0000
60.5669	1694.0000	8.0000
60.7193	1693.0000	8.0000
60.8717	1695.0000	8.0000
61.0241	1695.0000	8.0000
61.1765	1694.0000	8.0000
61.3289	1695.0000	8.0000
61.4813	1695.0000	8.0000
61.6337	1692.0000	8.0000
61.7861	1695.0000	8.0000
61.9385	1694.0000	8.0000
62.0909	1695.0000	8.0000
62.2433	1699.0000	8.0000
62.3957	1697.0000	8.0000
62.5481	1700.0000	8.0000
62.7005	1699.0000	8.0000
62.8529	1699.0000	8.0000
63.0053	1697.0000	8.0000
63.1577	1699.0000	8.0000
63.3101	1699.0000	8.0000
63.4625	1699.0000	8.0000
63.6149	1698.0000	8.0000
63.7673	1700.0000	8.0000
63.9197	1699.0000	8.0000
64.0721	1699.0000	8.0000
64.2245	1700.0000	8.0000
64.3769	1701.0000	8.0000
64.5293	1701.0000	8.0000
64.6817	1703.0000	8.0000
64.8341	1702.0000	8.0000
64.9865	1702.0000	8.0000
65.1389	1702.0000	8.0000
65.2913	1701.0000	8.0000
65.4437	1701.0000	8.0000
65.5961	1702.0000	8.0000
65.7485	1702.0000	8.0000
65.9009	1702.0000	8.0000
66.0533	1705.0000	8.0000
66.2057	1702.0000	8.0000
66.3581	1703.0000	8.0000
66.5105	1707.0000	8.0000
66.6629	1703.0000	8.0000
66.8153	1706.0000	8.0000
66.9677	1703.0000	8.0000
67.1201	1703.0000	8.0000
67.2725	1706.0000	8.0000
67.4249	1704.0079	8.0000
67.5773	1705.0000	8.0000
67.7297	1705.9960	8.0000
67.8821	1704.0000	8.0000
68.0345	1706.9840	8.0000
68.1869	1703.0000	8.0000
68.3393	1706.0000	8.0000
68.4917	1705.0000	8.0000
68.6441	1706.0000	8.0000
68.7965	1705.0000	8.0000
68.9489	1707.0000	8.0000
69.1013	1706.0000	8.0000
69.2537	1708.0000	8.0000
69.4061	1706.0000	8.0000
69.5585	1706.0000	8.0000
69.7109	1710.0000	8.0000
69.8633	1706.0000	8.0000
70.0157	1706.0000	8.0000
70.1681	1708.0000	8.0000
70.3205	1708.0000	8.0000
70.4729	1710.0000	8.0000
70.6253	1710.0000	8.0000
70.7777	1709.0000	8.0000
70.9301	1708.0000	8.0000
71.0825	1710.0000	8.0000
71.2349	1713.0000	8.0000
71.3873	1709.0040	8.0000
71.5397	1712.0000	8.0000
71.6921	1708.0000	8.0000
71.8445	1709.0000	8.0000
71.9969	1712.0000	8.0000
72.1493	1713.0000	8.0000
72.3017	1713.0000	8.0000
72.4541	1713.0000	8.0000
72.6065	1711.0000	8.0000
72.7589	1711.0000	8.0000
72.9113	1710.0000	8.0000
73.0637	1711.0000	8.0000
73.2161	1711.0000	8.0000
73.3685	1712.0000	8.0000
73.5209	1714.0000	8.0000
73.6733	1714.0000	8.0000
73.8257	1715.0000	8.0000
73.9781	1715.0000	8.0000
74.1305	1715.0000	8.0000
74.2829	1715.0000	8.0000
74.4353	1717.0000	8.0000
74.5877	1717.0000	8.0000
74.7401	1715.0000	8.0000
74.8925	1716.0000	8.0000
75.0449	1716.0000	8.0000
75.1973	1713.0000	8.0000
75.3497	1717.0000	8.0000
75.5021	1719.0000	8.0000
75.6545	1716.0000	8.0000
75.8069	1715.0000	8.0000
75.9593	1716.0000	8.0000
76.1117	1718.0000	8.0000
76.2641	1718.0000	8.0000
76.4165	1716.0000	8.0000
76.5689	1718.0000	8.0000
76.7213	1721.0000	8.0000
76.8737	1719.0000	8.0000
77.0261	1715.0000	8.0000
77.1785	1718.0000	8.0000
77.3309	1718.0000	8.0000
77.4833	1719.0000	8.0000
77.6357	1720.0000	8.0000
77.7881	1718.0000	8.0000
77.9405	1719.0000	8.0000
78.0929	1719.0000	8.0000
78.2453	1721.0000	8.0000
78.3977	1719.0000	8.0000
78.5501	1720.0000	8.0000
78.7025	1720.0000	8.0000
78.8549	1721.0000	8.0000
79.0073	1721.0000	8.0000
79.1597	1722.0000	8.0000
79.3121	1721.0000	8.0000
79.4645	1723.0000	8.0000
79.6169	1723.0000	8.0000
79.7693	1721.0000	8.0000
79.9217	1722.0000	8.0000
80.0741	1722.0000	8.0000
80.2265	1723.0000	8.0000
80.3789	1725.0000	8.0000
80.5313	1724.0000	8.0000
80.6837	1721.0000	8.0000
80.8361	1724.0000	8.0000
80.9885	1726.0000	8.0000
81.1409	1725.0000	8.0000
81.2933	1727.0000	8.0000
81.4457	1724.0000	8.0000
81.5981	1725.0000	8.0000
81.7505	1729.0000	8.0000
81.9029	1726.0000	8.0000
82.0553	1728.0000	8.0000
82.2077	1728.0000	8.0000
82.3601	1726.0000	8.0000
82.5125	1729.0000	8.0000
82.6649	1726.0000	8.0000
82.8173	1726.0000	8.0000
82.9697	1730.9880	8.0000
83.1221	1728.0000	8.0000
83.2745	1727.0000	8.0000
83.4269	1728.0000	8.0000
83.5793	1727.0000	8.0000
83.7317	1729.0000	8.0000
83.8841	1729.0000	8.0000
84.0365	1728.0000	8.0000
84.1889	1729.0000	8.0000
84.3413	1729.0000	8.0000
84.4937	1728.0000	8.0000
84.6461	1731.0000	8.0000
84.7985	1730.0000	8.0000
84.9509	1729.0120	8.0000
85.1033	1729.0000	8.0000
85.2557	1731.0000	8.0000
85.4081	1731.0000	8.0000
85.5605	1730.0000	8.0000
85.7129	1732.0000	8.0000
85.8653	1737.0000	8.0000
86.0177	1734.0000	8.0000
86.1701	1731.0000	8.0000
86.3225	1731.0000	8.0000
86.4749	1736.0000	8.0000
86.6273	1733.0000	8.0000
86.7797	1734.0000	8.0000
86.9321	1734.0000	8.0000
87.0845	1736.0000	8.0000
87.2369	1735.0000	8.0000
87.3893	1734.0000	8.0000
87.5417	1734.0000	8.0000
87.6941	1735.9840	8.0000
87.8465	1733.0000	8.0000
87.9989	1733.0000	8.0000
88.1513	1735.0000	8.0000
88.3037	1735.0000	8.0000
88.4561	1733.0000	8.0000
88.6085	1736.0000	8.0000
88.7609	1736.0000	8.0000
88.9133	1737.0000	8.0000
89.0657	1736.0000	8.0000
89.2181	1735.0000	8.0000
89.3705	1736.0000	8.0000
89.5229	1736.0000	8.0000
89.6753	1740.0000	8.0000
89.8277	1737.0000	8.0000
89.9801	1740.0000	8.0000
90.1325	1738.0000	8.0000
90.2849	1737.0000	8.0000
90.4373	1738.0000	8.0000
90.5897	1740.0000	8.0000
90.7421	1740.0000	8.0000
90.8945	1739.0000	8.0000
91.0469	1740.0000	8.0000
91.1993	1739.0000	8.0000
91.3517	1741.0000	8.0000
91.5041	1740.0000	8.0000
91.6565	1739.0000	8.0000
91.8089	1738.0000	8.0000
91.9613	1739.0000	8.0000
92.1137	1741.0000	8.0000
92.2661	1740.0000	8.0000
92.4185	1741.0000	8.0000
92.5709	1743.0000	8.0000
92.7233	1743.0000	8.0000
92.8757	1744.0000	8.0000
93.0281	1743.0000	8.0000
93.1805	1743.0000	8.0000
93.3329	1741.0000	8.0000
93.4853	1743.0000	8.0000
93.6377	1745.0000	8.0000
93.7901	1744.0000	8.0000
93.9425	1744.0000	8.0000
94.0949	1744.0000	8.0000
94.2473	1743.0000	8.0000
94.3997	1746.0000	8.0000
94.5521	1744.0000	8.0000
94.7045	1744.0000	8.0000
94.8569	1746.0000	8.0000
95.0093	1744.0000	8.0000
95.1617	1747.0000	8.0000
95.3141	1746.0000	8.0000
95.4665	1746.0000	8.0000
95.6189	1746.0000	8.0000
95.7713	1746.9921	8.0000
95.9237	1749.0000	8.0000
96.0761	1747.0000	8.0000
96.2285	1747.0000	8.0000
96.3809	1747.0000	8.0000
96.5333	1749.0000	8.0000
96.6857	1752.0000	8.0000
96.8381	1747.0000	8.0000
96.9905	1749.0000	8.0000
97.1429	1748.0000	8.0000
97.2953	1750.0000	8.0000
97.4477	1750.0000	8.0000
97.6001	1746.0000	8.0000
97.7525	1750.9960	8.0000
97.9049	1748.0000	8.0000
98.0573	1749.0000	8.0000
98.2097	1752.0000	8.0000
98.3621	1750.0000	8.0000
98.5145	1751.0000	8.0000
98.6669	1751.0000	8.0000
98.8193	1752.0000	8.0000
98.9717	1751.0000	8.0000
99.1241	1750.0000	8.0000
99.2765	1754.0000	8.0000
99.4289	1754.0000	8.0000
99.5813	1753.0000	8.0000
99.7337	1752.0000	8.0000
99.8861	1755.0000	8.0000
100.0385	1753.0000	8.0000
100.1909	1753.0000	8.0000
100.3433	1751.0000	8.0000
100.4957	1751.0000	8.0000
100.6481	1753.0000	8.0000
100.8005	1753.0000	8.0000
100.9529	1755.0000	8.0000
101.1053	1752.0000	8.0000
101.2577	1755.0000	8.0000
101.4101	1754.0000	8.0000
101.5625	1754.0000	8.0000
101.7149	1754.0000	8.0000
101.8673	1757.0000	8.0000
102.0197	1756.0000	8.0000
102.1721	1759.0000	8.0000
102.3245	1758.0000	8.0000
102.4769	1754.0000	8.0000
102.6293	1758.0000	8.0000
102.7817	1759.0000	8.0000
102.9341	1756.0000	8.0000
103.0865	1759.0000	8.0000
103.2389	1759.0000	8.0000
103.3913	1758.0000	8.0000
103.5437	1761.0000	8.0000
103.6961	1758.0000	8.0000
103.8485	1760.0000	8.0000
104.0009	1758.0000	8.0000
104.1533	1759.0000	8.0000
104.3057	1759.0000	8.0000
104.4581	1760.0000	8.0000
104.6105	1762.0000	8.0000
104.7629	1760.0000	8.0000
104.9153	1760.0000	8.0000
105.0677	1760.0000	8.0000
105.2201	1762.0000	8.0000
105.3725	1760.0000	8.0000
105.5249	1762.0000	8.0000
105.6773	1762.0000	8.0000
105.8297	1762.0000	8.0000
105.9821	1764.0000	8.0000
106.1345	1762.0000	8.0000
106.2869	1761.0000	8.0000
106.4393	1762.0000	8.0000
106.5917	1762.0000	8.0000
106.7441	1763.0000	8.0000
106.8965	1762.0000	8.0000
107.0489	1764.9921	8.0000
107.2013	1764.0000	8.0000
107.3537	1763.0000	8.0000
107.5061	1767.0000	8.0000
107.6585	1765.0000	8.0000
107.8109	1763.0000	8.0000
107.9633	1764.0000	8.0000
108.1157	1766.0000	8.0000
108.2681	1764.0000	8.0000
108.4205	1766.0000	8.0000
108.5729	1766.0000	8.0000
108.7253	1765.0000	8.0000
108.8777	1767.0040	8.0000
109.0301	1766.0000	8.0000
109.1825	1764.0000	8.0000
109.3349	1768.0000	8.0000
109.4873	1767.0000	8.0000
109.6397	1766.0000	8.0000
109.7921	1768.0000	8.0000
109.9445	1768.0000	8.0000
110.0969	1768.0000	8.0000
110.2493	1768.0000	8.0000
110.4017	1770.0000	8.0000
110.5541	1770.0000	8.0000
110.7065	1768.0000	8.0000
110.8589	1768.0000	8.0000
111.0113	1771.0000	8.0000
111.1637	1768.0000	8.0000
111.3161	1771.9921	8.0000
111.4685	1772.0000	8.0000
111.6209	1770.0000	8.0000
111.7733	1773.0000	8.0000
111.9257	1773.0000	8.0000
112.0781	1774.0000	8.0000
112.2305	1774.0000	8.0000
112.3829	1773.0000	8.0000
112.5353	1776.0000	8.0000
112.6877	1771.0000	8.0000
112.8401	1773.0000	8.0000
112.9925	1773.0000	8.0000
113.1449	1772.0000	8.0000
113.2973	1773.0000	8.0000
113.4497	1774.0000	8.0000
113.6021	1774.0000	8.0000
113.7545	1778.0000	8.0000
113.9069	1777.0000	8.0000
114.0593	1776.0000	8.0000
114.2117	1777.0000	8.0000
114.3641	1778.0000	8.0000
114.5165	1778.0000	8.0000
114.6689	1776.0000	8.0000
114.8213	1779.0000	8.0000
114.9737	1777.0000	8.0000
115.1261	1778.0000	8.0000
115.2785	1781.0000	8.0000
115.4309	1780.0000	8.0000
115.5833	1778.0079	8.0000
115.7357	1779.0000	8.0000
115.8881	1779.0000	8.0000
116.0405	1779.0000	8.0000
116.1929	1778.0000	8.0000
116.3453	1781.0000	8.0000
116.4977	1780.0000	8.0000
116.6501	1781.9960	8.0000
116.8025	1783.0000	8.0000
116.9549	1783.0000	8.0000
117.1073	1781.0000	8.0000
117.2597	1783.0000	8.0000
117.4121	1783.0000	8.0000
117.5645	1781.0000	8.0000
117.7169	1783.0000	8.0000
117.8693	1784.0000	8.0000
118.0217	1784.0000	8.0000
118.1741	1784.0000	8.0000
118.3265	1784.0000	8.0000
118.4789	1786.0000	8.0000
118.6313	1787.0000	8.0000
118.7837	1787.0000	8.0000
118.9361	1786.0000	8.0000
119.0885	1787.0000	8.0000
119.2409	1788.0000	8.0000
119.3933	1787.0000	8.0000
119.5457	1789.0000	8.0000
119.6981	1787.0000	8.0000
119.8505	1787.0000	8.0000
120.0029	1787.0000	8.0000
120.1553	1790.0000	8.0000
120.3077	1789.0000	8.0000
120.4601	1787.0000	8.0000
120.6125	1788.0000	8.0000
120.7649	1788.0000	8.0000
120.9173	1788.0000	8.0000
121.0697	1793.0000	8.0000
121.2221	1790.0000	8.0000
121.3745	1792.0000	8.0000
121.5269	1790.0000	8.0000
121.6793	1791.0000	8.0000
121.8317	1792.0000	8.0000
121.9841	1791.0000	8.0000
122.1365	1794.0000	8.0000
122.2889	1792.9880	8.0000
122.4413	1792.0000	8.0000
122.5937	1794.0000	8.0000
122.7461	1793.0000	8.0000
122.8985	1794.0000	8.0000
123.0509	1796.0000	8.0000
123.2033	1795.9921	8.0000
123.3557	1796.0000	8.0000
123.5081	1792.0000	8.0000
123.6605	1795.0000	8.0000
123.8129	1794.0000	8.0000
123.9653	1794.0000	8.0000
124.1177	1796.0000	8.0000
124.2701	1796.0000	8.0000
124.4225	1795.0000	8.0000
124.5749	1795.0000	8.0000
124.7273	1795.0000	8.0000
124.8797	1796.0000	8.0000
125.0321	1796.0000	8.0000
125.1845	1796.9960	8.0000
125.3369	1797.0000	8.0000
125.4893	1797.0000	8.0000
125.6417	1799.0000	8.0000
125.7941	1797.0000	8.0000
125.9465	1796.0000	8.0000
126.0989	1799.0000	8.0000
126.2513	1798.0000	8.0000
126.4037	1798.0000	8.0000
126.5561	1798.0000	8.0000
126.7085	1801.0000	8.0000
126.8609	1800.0000	8.0000
127.0133	1799.0000	8.0000
127.1657	1799.0000	8.0000
127.3181	1801.0000	8.0000
127.4705	1800.0000	8.0000
127.6229	1803.0000	8.0000
127.7753	1802.0000	8.0000
127.9277	1801.0000	8.0000
128.0801	1803.0000	8.0000
128.2325	1801.0000	8.0000
128.3849	1802.0000	8.0000
128.5373	1803.0000	8.0000
128.6897	1803.0000	8.0000
128.8421	1803.0000	8.0000
128.9945	1800.0000	8.0000
129.1469	1803.0000	8.0000
129.2993	1804.0000	8.0000
129.4517	1805.0000	8.0000
129.6041	1807.0000	8.0000
129.7565	1803.0000	8.0000
129.9089	1805.0000	8.0000
130.0613	1804.0000	8.0000
130.2137	1802.0000	9.0000
130.3661	1805.0000	9.0000
130.5185	1805.0000	9.0000
130.6709	1804.0000	9.0000
130.8233	1806.0000	8.0000
130.9757	1805.0000	9.0000
131.1281	1806.0000	9.0000
131.2805	1806.0000	9.0000
131.4329	1806.0000	9.0000
131.5853	1805.9960	9.0000
131.7377	1804.0000	9.0000
131.8901	1807.0000	9.0000
132.0425	1810.0000	9.0000
132.1949	1807.0000	9.0000
132.3473	1807.0000	9.0000
132.4997	1809.0000	9.0000
132.6521	1807.0000	8.0000
132.8045	1807.0000	9.0000
132.9569	1807.0000	8.0000
133.1093	1810.0000	8.0000
133.2617	1810.0000	8.0000
133.4141	1809.0000	8.0000
133.5665	1810.0000	8.0000
133.7189	1811.0040	8.0000
133.8713	1811.0000	8.0000
134.0237	1811.0000	8.0000
134.1761	1812.0000	8.0000
134.3285	1810.0000	8.0000
134.4809	1811.0000	8.0000
134.6333	1814.0000	8.0000
134.7857	1813.0000	8.0000
134.9381	1810.0000	8.0000
135.0905	1812.0000	8.0000
135.2429	1812.0000	8.0000
135.3953	1811.0000	8.0000
135.5477	1812.0000	8.0000
135.7001	1813.0000	8.0000
135.8525	1813.0000	8.0000
136.0049	1815.0000	8.0000
136.1573	1811.0000	8.0000
136.3097	1814.0000	8.0000
136.4621	1814.0000	8.0000
136.6145	1813.0000	8.0000
136.7669	1814.0000	8.0000
136.9193	1814.0000	8.0000
137.0717	1813.0000	8.0000
137.2241	1818.0000	8.0000
137.3765	1814.0000	8.0000
137.5289	1816.0000	8.0000
137.6813	1814.0000	8.0000
137.8337	1816.0000	8.0000
137.9861	1815.0000	8.0000
138.1385	1814.0000	8.0000
138.2909	1817.0000	8.0000
138.4433	1816.0000	8.0000
138.5957	1816.0000	8.0000
138.7481	1817.0000	8.0000
138.9005	1818.9960	8.0000
139.0529	1813.0000	8.0000
139.2053	1818.0000	8.0000
139.3577	1820.0000	8.0000
139.5101	1817.0000	8.0000
139.6625	1817.0000	8.0000
139.8149	1819.0000	8.0000
139.9673	1818.0000	8.0000
140.1197	1820.0000	8.0000
140.2721	1820.0000	8.0000
140.4245	1819.0000	8.0000
140.5769	1820.0000	8.0000
140.7293	1819.0000	8.0000
140.8817	1820.0000	8.0000
141.0341	1821.0000	8.0000
141.1865	1821.0000	8.0000
141.3389	1824.0000	8.0000
141.4913	1818.0000	9.0000
141.6437	1822.0000	9.0000
141.7961	1822.0000	9.0000
141.9485	1822.0000	9.0000
142.1009	1821.0000	9.0000
142.2533	1825.0000	9.0000
142.4057	1823.0000	9.0000
142.5581	1824.0000	9.0000
142.7105	1821.0000	9.0000
142.8629	1828.0000	8.0000
143.0153	1828.0000	8.0000
143.1677	1828.0000	8.0000
143.3201	1829.0000	8.0000
143.4725	1828.0000	8.0000
143.6249	1827.0000	8.0000
143.7773	1827.0000	8.0000
143.9297	1829.0000	8.0000
144.0821	1829.0000	8.0000
144.2345	1829.0000	8.0000
144.3869	1827.0000	8.0000
144.5393	1828.0000	8.0000
144.6917	1828.0000	8.0000
144.8441	1827.0000	8.0000
144.9965	1828.9960	8.0000
145.1489	1831.0000	8.0000
145.3013	1828.0000	8.0000
145.4537	1828.0000	8.0000
145.6061	1829.0000	8.0000
145.7585	1831.0000	8.0000
145.9109	1830.0000	8.0000
146.0633	1833.0000	8.0000
146.2157	1833.0000	8.0000
146.3681	1832.0000	8.0000
146.5205	1833.0000	8.0000
146.6729	1830.0000	8.0000
146.8253	1834.0000	8.0000
146.9777	1830.0000	8.0000
147.1301	1832.9921	8.0000
147.2825	1834.0000	8.0000
147.4349	1835.0000	8.0000
147.5873	1836.0000	8.0000
147.7397	1839.0000	8.0000
147.8921	1838.0000	8.0000
148.0445	1835.0000	8.0000
148.1969	1837.0000	8.0000
148.3493	1839.0000	8.0000
148.5017	1836.0040	8.0000
148.6541	1839.0000	8.0000
148.8065	1841.0000	8.0000
148.9589	1836.0000	8.0000
149.1113	1835.0000	8.0000
149.2637	1839.0000	8.0000
149.4161	1842.0000	8.0000
149.5685	1841.0000	8.0000
149.7209	1842.0000	8.0000
149.8733	1842.0000	8.0000
150.0257	1840.0000	8.0000
150.1781	1842.0000	8.0000
150.3305	1840.0040	8.0000
150.4829	1842.0000	8.0000
150.6353	1839.0040	8.0000
150.7877	1843.0000	8.0000
150.9401	1844.0000	8.0000
151.0925	1846.0000	8.0000
151.2449	1843.0000	8.0000
151.3973	1843.0000	8.0000
151.5497	1841.0000	8.0000
151.7021	1843.0000	8.0000
151.8545	1844.0000	8.0000
152.0069	1846.0000	8.0000
152.1593	1842.0079	8.0000
152.3117	1844.0000	8.0000
152.4641	1848.0000	8.0000
152.6165	1844.0000	8.0000
152.7689	1843.0000	8.0000
152.9213	1846.0000	8.0000
153.0737	1848.0000	8.0000
153.2261	1847.0000	8.0000
153.3785	1844.0199	8.0000
153.5309	1845.0000	8.0000
153.6833	1858.0000	-55.0000
153.8357	1850.0000	8.0000
153.9881	1849.0000	8.0000
154.1405	1849.0000	8.0000
154.2929	1850.0000	8.0000
154.4453	1850.0000	8.0000
154.5977	1849.0000	8.0000
154.7501	1846.0000	8.0000
154.9025	1850.0000	8.0000
155.0549	1851.0000	8.0000
155.2073	1848.9960	8.0040
155.3597	1850.0000	8.0000
155.5121	1851.0000	9.0000
155.6645	1855.0000	9.0000
155.8169	1850.0000	9.0000
155.9693	1849.0000	9.0000
156.1217	1850.0000	8.0000
156.2741	1854.0000	9.0000
156.4265	1853.0000	9.0000
156.5789	1852.0000	8.0000
156.7313	1851.0000	9.0000
156.8837	1854.0000	8.0000
157.0361	1852.9921	9.0000
157.1885	1854.0000	8.0000
157.3409	1854.0000	9.0000
157.4933	1852.0000	9.0000
157.6457	1855.0000	9.0000
157.7981	1856.0000	9.0000
157.9505	1851.0000	9.0000
158.1029	1853.9960	9.0000
158.2553	1855.0000	8.0000
158.4077	1856.0000	9.0000
158.5601	1857.0000	9.0000
158.7125	1856.0000	9.0000
158.8649	1858.0000	9.0000
159.0173	1858.0000	9.0000
159.1697	1855.0000	9.0000
159.3221	1856.0000	9.0000
159.4745	1861.0000	9.0000
159.6269	1859.0000	9.0000
159.7793	1862.0000	9.0000
159.9317	1858.0040	9.0000
160.0841	1861.0000	9.0000
160.2365	1869.0000	9.0000
160.3889	1875.0000	9.0000
160.5413	1885.0000	9.0000
160.6937	1878.0000	9.0000
160.8461	1876.0000	9.0000
160.9985	1876.0000	9.0000
161.1509	1862.0000	9.0000
161.3033	1861.0239	9.0000
161.4557	1867.0000	9.0000
161.6081	1865.0000	9.0000
161.7605	1862.0000	9.0000
161.9129	1861.0000	9.0000
162.0653	1861.0120	9.0000
162.2177	1861.0000	8.0000
162.3701	1862.0000	9.0000
162.5225	1861.0000	8.0000
162.6749	1858.0000	8.0000
162.8273	1859.0000	8.0000
162.9797	1861.0000	8.0000
163.1321	1860.0000	8.0000
163.2845	1862.0000	8.0000
163.4369	1861.0000	8.0000
163.5893	1862.0000	8.0000
163.7417	1861.0000	8.0000
163.8941	1864.0000	8.0000
164.0465	1862.0000	8.0000
164.1989	1863.0000	8.0000
164.3513	1862.0000	8.0000
164.5037	1864.0000	8.0000
164.6561	1864.0000	8.0000
164.8085	1864.0000	8.0000
164.9609	1864.0000	8.0000
165.1133	1862.0000	8.0000
165.2657	1863.0000	8.0000
165.4181	1864.0000	8.0000
165.5705	1864.0000	8.0000
165.7229	1864.0079	8.0000
165.8753	1865.0000	8.0000
166.0277	1865.0000	8.0000
166.1801	1865.0000	9.0000
166.3325	1865.0000	8.0000
166.4849	1867.0000	8.0000
166.6373	1868.0000	9.0000
166.7897	1867.0000	9.0000
166.9421	1867.0000	9.0000
167.0945	1868.0000	9.0000
167.2469	1868.0000	9.0000
167.3993	1867.0000	9.0000
167.5517	1868.0000	9.0000
167.7041	1870.0000	9.0000
167.8565	1870.0000	9.0000
168.0089	1873.0000	9.0000
168.1613	1871.0000	9.0000
168.3137	1869.0000	9.0000
168.4661	1872.0000	9.0000
168.6185	1872.0000	9.0000
168.7709	1869.0000	9.0000
168.9233	1870.0000	9.0000
169.0757	1873.0000	9.0000
169.2281	1873.0000	9.0000
169.3805	1873.0000	9.0000
169.5329	1876.0000	9.0000
169.6853	1873.0000	9.0000
169.8377	1871.0000	9.0000
169.9901	1876.0000	9.0000
170.1425	1874.0000	9.0000
170.2949	1876.0000	9.0000
170.4473	1875.0000	9.0000
170.5997	1876.0000	9.0000
170.7521	1875.0000	9.0000
170.9045	1876.0000	9.0000
171.0569	1876.0000	9.0000
171.2093	1876.0000	9.0000
171.3617	1875.0000	9.0000
171.5141	1878.0000	9.0000
171.6665	1877.0000	9.0000
171.8189	1877.0000	9.0000
171.9713	1884.0000	9.0000
172.1237	1875.0000	9.0000
172.2761	1877.9921	9.0000
172.4285	1877.0000	9.0000
172.5809	1878.0000	9.0000
172.7333	1878.0000	9.0000
172.8857	1877.0000	9.0000
173.0381	1879.0000	9.0000
173.1905	1880.0000	9.0000
173.3429	1881.0000	8.0000
173.4953	1882.0000	8.0000
173.6477	1880.0000	9.0000
173.8001	1879.0000	9.0000
173.9525	1881.0000	9.0000
174.1049	1883.0000	9.0000
174.2573	1886.0000	9.0000
174.4097	1883.0000	9.0000
174.5621	1885.0000	9.0000
174.7145	1884.0000	9.0000
174.8669	1886.0000	9.0000
175.0193	1885.0000	9.0000
175.1717	1886.0000	9.0000
175.3241	1887.0000	9.0000
175.4765	1886.0000	9.0000
175.6289	1888.0000	9.0000
175.7813	1888.0000	9.0000
175.9337	1890.0000	9.0000
176.0861	1891.0000	9.0000
176.2385	1889.0000	9.0000
176.3909	1887.0120	9.0000
176.5433	1888.0000	9.0000
176.6957	1891.0000	9.0000
176.8481	1893.0000	9.0000
177.0005	1890.0000	9.0000
177.1529	1892.0000	9.0000
177.3053	1892.0000	9.0000
177.4577	1891.0000	9.0000
177.6101	1894.0000	9.0000
177.7625	1893.0000	9.0000
177.9149	1894.0000	9.0000
178.0673	1891.0000	9.0000
178.2197	1892.0000	9.0000
178.3721	1895.0000	9.0000
178.5245	1893.0000	9.0000
178.6769	1894.0000	9.0000
178.8293	1895.0000	9.0000
178.9817	1892.0000	9.0000
179.1341	1893.0000	9.0000
179.2865	1896.0000	9.0000
179.4389	1896.9921	9.0000
179.5913	1898.9960	9.0000
179.7437	1899.0000	9.0000
179.8961	1896.0000	9.0000
180.0485	1896.0000	9.0000
180.2009	1901.9761	9.0000
180.3533	1897.0000	9.0000
180.5057	1901.0000	9.0000
180.6581	1895.9921	9.0000
180.8105	1897.0000	9.0000
180.9629	1896.0000	9.0000
181.1153	1895.0000	9.0000
181.2677	1897.0000	9.0000
181.4201	1895.0000	9.0000
181.5725	1895.0120	9.0000
181.7249	1894.0000	9.0000
181.8773	1898.0000	9.0000
182.0297	1896.0000	9.0000
182.1821	1897.0000	9.0000
182.3345	1900.0000	9.0000
182.4869	1899.9880	9.0000
182.6393	1899.0000	9.0000
182.7917	1899.0000	9.0000
182.9441	1898.0000	9.0000
183.0965	1903.0000	9.0000
183.2489	1902.0000	9.0000
183.4013	1900.0000	9.0000
183.5537	1902.0000	9.0000
183.7061	1905.0000	9.0000
183.8585	1905.0000	9.0000
184.0109	1907.0000	9.0000
184.1633	1904.0000	9.0000
184.3157	1903.0000	9.0000
184.4681	1902.0000	9.0000
184.6205	1905.0000	9.0000
184.7729	1906.0000	9.0000
184.9253	1903.0000	9.0000
185.0777	1904.0000	9.0000
185.2301	1903.0000	9.0000
185.3825	1907.0000	9.0000
185.5349	1918.0000	-39.0000
185.6873	1931.0000	9.0000
185.8397	1940.0000	9.0000
185.9921	1932.0000	9.0000
186.1445	1922.0000	9.0000
186.2969	1918.0000	9.0000
186.4493	1922.0000	9.0000
186.6017	1917.0000	9.0000
186.7541	1917.0000	9.0000
186.9065	1916.0000	9.0000
187.0589	1918.0000	9.0000
187.2113	1915.0000	9.0000
187.3637	1912.9880	9.0000
187.5161	1910.0000	9.0000
187.6685	1908.0000	9.0000
187.8209	1908.0000	9.0000
187.9733	1910.0000	9.0000
188.1257	1914.0000	9.0000
188.2781	1907.0000	9.0000
188.4305	1912.0000	9.0000
188.5829	1909.0000	9.0000
188.7353	1911.0000	9.0000
188.8877	1909.0000	9.0000
189.0401	1913.0000	9.0000
189.1925	1913.0000	9.0000
189.3449	1912.0000	9.0000
189.4973	1914.0000	9.0000
189.6497	1912.0000	9.0000
189.8021	1914.0000	9.0000
189.9545	1911.0000	9.0000
190.1069	1913.0000	9.0000
190.2593	1910.0199	9.0000
190.4117	1912.0000	9.0000
190.5641	1917.0000	9.0000
190.7165	1914.0000	9.0000
190.8689	1916.0000	9.0000
191.0213	1917.0000	9.0000
191.1737	1916.0000	9.0000
191.3261	1915.0000	9.0000
191.4785	1915.0000	9.0000
191.6309	1917.0000	9.0000
191.7833	1917.0000	9.0000
191.9357	1913.0000	9.0000
192.0881	1917.0000	9.0000
192.2405	1915.0000	9.0000
192.3929	1914.0000	9.0000
192.5453	1914.0000	9.0000
192.6977	1915.0000	9.0000
192.8501	1916.0000	9.0000
193.0025	1916.0000	9.0000
193.1549	1918.0000	9.0000
193.3073	1918.0000	9.0000
193.4597	1920.0000	9.0000
193.6121	1921.0000	9.0000
193.7645	1920.0000	9.0000
193.9169	1923.0000	9.0000
194.0693	1921.0000	9.0000
194.2217	1921.0000	9.0000
194.3741	1921.0000	9.0000
194.5265	1923.0000	9.0000
194.6789	1921.0079	9.0000
194.8313	1921.0000	9.0000
194.9837	1920.0000	9.0000
195.1361	1921.0000	9.0000
195.2885	1919.0000	9.0000
195.4409	1918.0000	9.0000
195.5933	1918.0120	9.0000
195.7457	1919.0000	9.0000
195.8981	1919.0000	9.0000
196.0505	1918.0000	9.0000
196.2029	1920.0000	9.0000
196.3553	1920.0000	9.0000
196.5077	1920.0000	9.0000
196.6601	1922.0000	9.0000
196.8125	1921.0000	9.0000
196.9649	1922.0000	9.0000
197.1173	1921.0000	9.0000
197.2697	1921.0000	9.0000
197.4221	1920.0000	9.0000
197.5745	1921.0000	9.0000
197.7269	1921.0000	9.0000
197.8793	1920.0000	9.0000
198.0317	1920.0000	9.0000
198.1841	1921.0000	9.0000
198.3365	1924.0000	9.0000
198.4889	1923.0000	9.0000
198.6413	1923.0000	9.0000
198.7937	1925.0000	9.0000
198.9461	1924.0000	9.0000
199.0985	1924.0000	9.0000
199.2509	1925.0000	9.0000
199.4033	1924.9921	9.0000
199.5557	1925.0000	9.0000
199.7081	1922.0000	9.0000
199.8605	1921.0000	9.0000
200.0129	1922.0000	9.0000
200.1653	1925.0000	9.0000
200.3177	1924.0000	9.0000
200.4701	1922.0000	9.0000
200.6225	1924.0000	9.0000
200.7749	1923.0000	9.0000
200.9273	1922.0000	9.0000
201.0797	1926.9960	9.0000
201.2321	1926.0000	9.0000
201.3845	1926.9921	9.0000
201.5369	1924.0000	9.0000
201.6893	1924.0000	9.0000
201.8417	1924.0000	9.0000
201.9941	1923.0000	9.0000
202.1465	1925.9960	9.0000
202.2989	1925.0000	9.0000
202.4513	1925.0000	9.0000
202.6037	1926.0000	9.0000
202.7561	1925.0120	9.0000
202.9085	1927.0000	9.0000
203.0609	1929.0000	9.0000
203.2133	1929.0000	9.0000
203.3657	1927.0000	9.0000
203.5181	1929.0000	9.0000
203.6705	1926.0000	9.0000
203.8229	1931.0000	9.0000
203.9753	1928.0000	9.0000
204.1277	1926.0000	9.0000
204.2801	1929.0000	9.0000
204.4325	1934.0000	9.0000
204.5849	1932.0000	9.0000
204.7373	1935.0000	9.0000
204.8897	1934.0000	9.0000
205.0421	1936.0000	9.0000
205.1945	1941.0000	9.0000
205.3469	1938.0000	9.0000
205.4993	1939.0000	9.0000
205.6517	1938.0000	9.0000
205.8041	1938.0000	9.0000
205.9565	1935.0000	9.0000
206.1089	1938.9960	9.0000
206.2613	1939.0000	9.0000
206.4137	1940.0000	9.0000
206.5661	1942.0000	9.0000
206.7185	1943.0000	9.0000
206.8709	1940.0000	9.0000
207.0233	1944.0000	9.0000
207.1757	1941.0000	9.0000
207.3281	1942.0000	9.0000
207.4805	1943.0000	9.0000
207.6329	1944.0000	9.0000
207.7853	1942.0079	9.0000
207.9377	1945.0000	9.0000
208.0901	1944.0000	9.0000
208.2425	1943.0120	9.0000
208.3949	1944.0000	9.0000
208.5473	1941.0000	9.0000
208.6997	1946.0000	9.0000
208.8521	1945.0000	9.0000
209.0045	1942.0000	9.0000
209.1569	1943.0000	9.0000
209.3093	1944.0000	9.0000
209.4617	1947.0000	9.0000
209.6141	1946.0000	9.0000
209.7665	1945.0000	9.0000
209.9189	1950.0000	9.0000
210.0713	1946.0000	9.0000
210.2237	1948.0000	9.0000
210.3761	1945.0000	9.0000
210.5285	1943.0000	9.0000
210.6809	1943.0000	9.0000
210.8333	1947.0000	9.0000
210.9857	1947.0000	9.0000
211.1381	1946.0040	9.0000
211.2905	1947.0040	9.0000
211.4429	1951.0000	9.0000
211.5953	1949.0040	9.0000
211.7477	1949.0000	9.0000
211.9001	1954.0000	9.0000
212.0525	1946.0000	9.0000
212.2049	1951.0040	9.0000
212.3573	1952.9960	9.0000
212.5097	1950.0000	9.0000
212.6621	1952.0000	9.0000
212.8145	1954.0000	9.0000
212.9669	1951.0278	9.0000
213.1193	1953.9960	9.0000
213.2717	1956.0000	9.0000
213.4241	1958.0000	9.0000
213.5765	1959.0000	9.0000
213.7289	1956.0000	9.0000
213.8813	1954.0081	9.0000
214.0337	1957.0000	9.0000
214.1861	1954.0000	9.0000
214.3385	1957.0000	9.0000
214.4909	1955.0000	9.0000
214.6433	1956.0000	9.0000
214.7957	1955.0000	9.0000
214.9481	1956.0000	9.0000
215.1005	1955.0000	9.0000
215.2529	1957.0000	9.0000
215.4053	1958.0000	9.0000
215.5577	1961.0000	9.0000
215.7101	1956.0000	9.0000
215.8625	1958.9960	9.0000
216.0149	1960.9840	9.0000
216.1673	1961.0000	9.0000
216.3197	1959.0000	9.0000
216.4721	1961.0000	9.0000
216.6245	1958.0000	9.0000
216.7769	1960.0000	9.0000
216.9293	1959.0000	9.0000
217.0817	1959.0000	9.0000
217.2341	1960.0000	9.0000
217.3865	1962.0000	9.0000
217.5389	1959.0000	9.0000
217.6913	1958.0000	9.0000
217.8437	1960.0000	9.0000
217.9961	1965.0000	9.0000
218.1485	1961.0000	9.0000
218.3009	1961.0000	9.0000
218.4533	1961.0000	9.0000
218.6057	1961.0000	9.0000
218.7581	1962.0000	9.0000
218.9105	1958.0000	9.0000
219.0629	1958.0000	9.0000
219.2153	1959.0000	9.0000
219.3677	1959.0000	9.0000
219.5201	1963.0000	9.0000
219.6725	1962.0000	9.0000
219.8249	1961.0000	9.0000
219.9773	1962.0000	9.0000
220.1297	1961.0000	9.0000
220.2821	1964.0000	9.0000
220.4345	1962.0000	9.0000
220.5869	1961.0000	9.0000
220.7393	1962.0000	9.0000
220.8917	1960.0000	9.0000
221.0441	1959.9960	9.0000
221.1965	1962.0000	9.0000
221.3489	1961.0000	9.0000
221.5013	1963.0000	9.0000
221.6537	1961.0000	9.0000
221.8061	1962.0000	9.0000
221.9585	1962.0000	9.0000
222.1109	1964.0000	9.0000
222.2633	1963.0000	9.0000
222.4157	1965.0000	9.0000
222.5681	1964.0000	9.0000
222.7205	1962.0000	9.0000
222.8729	1961.0000	9.0000
223.0253	1964.0000	9.0000
223.1777	1963.0000	9.0000
223.3301	1963.0000	9.0000
223.4825	1965.0000	9.0000
223.6349	1965.0000	9.0000
223.7873	1966.0000	9.0000
223.9397	1967.0000	9.0000
224.0921	1970.0000	9.0000
224.2445	1968.0000	9.0000
224.3969	1967.0000	9.0000
224.5493	1965.0000	9.0000
224.7017	1968.0000	9.0000
224.8541	1968.0000	9.0000
225.0065	1968.0000	9.0000
225.1589	1963.0200	9.0000
225.3113	1969.0000	9.0000
225.4637	1968.0000	9.0000
225.6161	1970.0000	9.0000
225.7685	1970.0000	9.0000
225.9209	1970.0000	9.0000
226.0733	1969.0000	9.0000
226.2257	1969.0000	9.0000
226.3781	1973.0000	9.0000
226.5305	1970.0079	9.0000
226.6829	1972.0000	9.0000
226.8353	1973.0000	9.0000
226.9877	1972.0000	9.0000
227.1401	1973.0000	9.0000
227.2925	1970.0000	9.0000
227.4449	1971.0000	9.0000
227.5973	1972.0000	9.0000
227.7497	1973.0000	9.0000
227.9021	1973.0000	9.0000
228.0545	1970.0000	9.0000
228.2069	1977.0000	9.0000
228.3593	1973.0000	9.0000
228.5117	1974.0000	9.0000
228.6641	1972.0000	9.0000
228.8165	1977.0000	9.0000
228.9689	1973.0120	9.0000
229.1213	1973.0000	9.0000
229.2737	1974.0000	9.0000
229.4261	1971.0000	9.0000
229.5785	1970.0000	9.0000
229.7309	1972.0000	9.0000
229.8833	1974.0000	9.0000
230.0357	1975.9919	9.0000
230.1881	1975.0000	9.0000
230.3405	1975.0000	9.0000
230.4929	1976.0160	9.0000
230.6453	1978.0000	9.0000
230.7977	1976.0040	9.0000
230.9501	1979.0000	9.0000
231.1025	1977.0000	9.0000
231.2549	1978.0000	9.0000
231.4073	1976.9840	9.0000
231.5597	1975.0000	9.0000
231.7121	1977.0000	9.0000
231.8645	1975.0000	9.0000
232.0169	1976.0000	9.0000
232.1693	1976.0000	9.0000
232.3217	1975.0000	9.0000
232.4741	1978.0000	9.0000
232.6265	1976.0000	9.0000
232.7789	1978.0000	9.0000
232.9313	1981.0000	9.0000
233.0837	1979.0000	9.0000
233.2361	1979.0000	9.0000
233.3885	1980.0000	9.0000
233.5409	1981.0000	9.0000
233.6933	1981.0000	9.0000
233.8457	1982.9840	9.0000
233.9981	1980.0000	9.0000
234.1505	1979.0000	9.0000
234.3029	1980.0000	9.0000
234.4553	1983.0000	9.0000
234.6077	1981.0000	9.0000
234.7601	1984.0000	9.0000
234.9125	1984.0000	9.0000
235.0649	1984.0000	9.0000
235.2173	1988.0000	9.0000
235.3697	1987.0000	9.0000
235.5221	1985.0000	9.0000
235.6745	1985.0000	9.0000
235.8269	1985.9880	9.0000
235.9793	1983.0000	9.0000
236.1317	1988.0000	9.0000
236.2841	1988.0000	9.0000
236.4365	1987.0000	9.0000
236.5889	1989.0000	9.0000
236.7413	1988.0000	9.0000
236.8937	1989.0000	9.0000
237.0461	1989.0000	9.0000
237.1985	1987.0000	9.0000
237.3509	1991.0000	9.0000
237.5033	1989.0000	9.0000
237.6557	1991.0000	9.0000
237.8081	1992.0000	9.0000
237.9605	1991.0000	9.0000
238.1129	1990.0000	9.0000
238.2653	1990.0000	9.0000
238.4177	1990.0000	9.0000
238.5701	1994.0000	9.0000
238.7225	1994.0000	9.0000
238.8749	1995.0000	9.0000
239.0273	1992.0120	9.0000
239.1797	1991.0000	9.0000
239.3321	1993.0040	9.0000
239.4845	1996.0000	9.0000
239.6369	1992.0000	9.0000
239.7893	1992.0000	9.0000
239.9417	1994.0000	9.0000
240.0941	1994.0000	9.0000
240.2465	1996.0000	9.0000
240.3989	1995.0000	9.0000
240.5513	1995.0000	9.0000
240.7037	1996.0000	9.0000
240.8561	1995.0000	9.0000
241.0085	1996.0000	9.0000
241.1609	1999.0000	9.0000
241.3133	1999.0000	9.0000
241.4657	2005.0000	9.0000
241.6181	2001.0000	9.0000
241.7705	2004.0000	9.0000
241.9229	2001.0000	9.0000
242.0753	2004.0000	9.0000
242.2277	2004.0000	9.0000
242.3801	2005.0000	9.0000
242.5325	2006.0000	9.0000
242.6849	2006.0040	9.0000
242.8373	2006.9919	9.0000
242.9897	2005.0000	9.0000
243.1421	2002.0000	9.0000
243.2945	2005.0000	9.0000
243.4469	2003.9919	9.0000
243.5993	2005.0000	9.0000
243.7517	2004.0000	9.0000
243.9041	2009.0000	9.0000
244.0565	2004.0000	9.0000
244.2089	2006.0000	9.0000
244.3613	2006.0000	9.0000
244.5137	2006.0000	9.0000
244.6661	2006.0000	9.0000
244.8185	2007.0000	9.0000
244.9709	2007.0000	9.0000
245.1233	2005.0000	9.0000
245.2757	2006.0000	9.0000
245.4281	2004.0000	9.0000
245.5805	2004.0040	9.0000
245.7329	2006.0000	9.0000
245.8853	2004.0000	9.0000
246.0377	2005.0000	9.0000
246.1901	2004.0000	9.0000
246.3425	2005.0000	9.0000
246.4949	2006.9960	9.0000
246.6473	2005.0000	9.0000
246.7997	2007.0000	9.0000
246.9521	2006.0000	9.0000
247.1045	2008.0000	9.0000
247.2569	2011.0000	9.0000
247.4093	2008.0000	9.0000
247.5617	2011.0000	9.0000
247.7141	2013.0000	9.0000
247.8665	2014.0000	9.0000
248.0189	2012.0000	9.0000
248.1713	2015.0000	9.0000
248.3237	2018.0000	9.0000
248.4761	2019.0000	9.0000
248.6285	2021.0000	9.0000
248.7809	2015.0000	9.0000
248.9333	2015.0079	9.0000
249.0857	2022.0000	9.0000
249.2381	2017.0000	9.0000
249.3905	2009.0400	9.0000
249.5429	2013.0000	9.0000
249.6953	2016.0000	9.0000
249.8477	2016.0000	9.0000
250.0001	2013.0000	9.0000
250.1525	2012.0000	9.0000
250.3049	2014.0000	9.0000
250.4573	2015.0000	9.0000
250.6097	2014.0000	9.0000
250.7621	2013.0000	9.0000
250.9145	2013.0000	9.0000
251.0669	2017.0000	9.0000
251.2193	2014.0000	9.0000
251.3717	2016.0000	9.0000
251.5241	2015.0000	9.0000
251.6765	2013.0000	9.0000
251.8289	2016.0000	9.0000
251.9813	2015.0000	9.0000
252.1337	2014.0000	9.0000
252.2861	2016.9840	9.0000
252.4385	2015.0160	9.0000
252.5909	2017.0000	9.0000
252.7433	2021.0000	9.0000
252.8957	2022.0000	9.0000
253.0481	2021.0000	9.0000
253.2005	2021.0000	9.0000
253.3529	2020.0000	9.0000
253.5053	2020.0000	9.0000
253.6577	2021.0000	9.0000
253.8101	2024.0000	9.0000
253.9625	2021.0000	9.0000
254.1149	2024.0000	9.0000
254.2673	2020.0000	9.0000
254.4197	2019.0000	9.0000
254.5721	2021.0000	9.0000
254.7245	2024.0000	9.0000
254.8769	2023.0000	9.0000
255.0293	2020.0000	9.0000
255.1817	2020.9800	9.0000
255.3341	2029.0000	9.0000
255.4865	2027.0000	9.0000
255.6389	2022.0000	9.0000
255.7913	2027.0000	9.0000
255.9437	2025.0000	9.0000
256.0961	2026.0000	9.0000
256.2485	2024.0000	9.0000
256.4009	2035.0000	9.0000
256.5533	2022.0199	9.0000
256.7057	2019.0000	9.0000
256.8581	2028.0000	9.0000
257.0105	2025.0000	9.0000
257.1629	2025.0000	9.0000
257.3153	2026.0000	9.0000
257.4677	2025.0040	9.0000
257.6201	2025.0000	9.0000
257.7725	2027.0000	9.0000
257.9249	2027.0000	9.0000
258.0773	2027.0000	9.0000
258.2297	2028.0000	9.0000
258.3821	2028.0000	9.0000
258.5345	2032.0000	9.0000
258.6869	2030.0000	9.0000
258.8393	2028.0000	9.0000
258.9917	2029.0000	9.0000
259.1441	2030.0000	9.0000
259.2965	2033.0000	9.0000
259.4489	2033.0000	9.0000
259.6013	2031.0000	9.0000
259.7537	2033.0000	9.0000
259.9061	2036.0000	9.0000
260.0585	2035.0000	9.0000
260.2109	2033.0000	9.0000
260.3633	2033.0000	9.0000
260.5157	2036.0000	9.0000
260.6681	2036.0000	9.0000
260.8205	2035.0000	9.0000
260.9729	2038.0000	9.0000
261.1253	2035.0000	9.0000
261.2777	2036.0000	9.0000
261.4301	2037.0081	9.0000
261.5825	2035.9960	9.0000
261.7349	2034.0000	9.0000
261.8873	2037.0000	9.0000
262.0397	2034.0000	9.0000
262.1921	2040.0000	9.0000
262.3445	2036.0000	9.0000
262.4969	2036.0000	9.0000
262.6493	2038.0000	9.0000
262.8017	2043.0000	9.0000
262.9541	2043.0000	9.0000
263.1065	2040.0000	9.0000
263.2589	2040.0040	9.0000
263.4113	2041.0000	9.0000
263.5637	2039.0000	9.0000
263.7161	2039.0000	9.0000
263.8685	2042.0000	9.0000
264.0209	2040.0000	9.0000
264.1733	2041.0000	9.0000
264.3257	2045.9919	9.0000
264.4781	2042.0000	9.0000
264.6305	2042.0000	9.0000
264.7829	2042.0000	9.0000
264.9353	2042.0000	9.0000
265.0877	2042.0000	9.0000
265.2401	2043.0000	9.0000
265.3925	2043.0000	9.0000
265.5449	2045.9801	9.0000
265.6973	2045.0000	9.0000
265.8497	2046.0000	9.0000
266.0021	2045.0000	9.0000
266.1545	2043.0000	9.0000
266.3069	2043.0000	9.0000
266.4593	2046.0000	9.0000
266.6117	2048.0000	9.0000
266.7641	2048.0000	9.0000
266.9165	2049.0000	9.0000
267.0689	2047.0000	9.0000
267.2213	2049.0000	9.0000
267.3737	2052.0000	9.0000
267.5261	2049.0000	9.0000
267.6785	2048.0000	9.0000
267.8309	2055.0000	9.0000
267.9833	2049.0000	9.0000
268.1357	2051.0000	9.0000
268.2881	2048.0081	9.0000
268.4405	2053.9800	9.0000
268.5929	2052.9919	9.0000
268.7453	2048.0000	9.0000
268.8977	2050.0000	9.0000
269.0501	2047.0000	9.0000
269.2025	2053.0000	9.0000
269.3549	2055.0000	9.0000
269.5073	2052.0000	9.0000
269.6597	2055.0000	10.0000
269.8121	2053.0000	9.0000
269.9645	2055.0000	9.0000
270.1169	2055.9961	9.0040
270.2693	2055.0000	10.0000
270.4217	2054.0081	10.0000
270.5741	2050.0000	10.0000
270.7265	2054.0081	10.0000
270.8789	2054.0000	10.0000
271.0313	2055.0000	10.0000
271.1837	2056.0000	10.0000
271.3361	2060.0000	10.0000
271.4885	2058.0000	10.0000
271.6409	2055.0000	10.0000
271.7933	2056.0000	10.0000
271.9457	2059.0000	10.0000
272.0981	2057.0000	10.0000
272.2505	2060.0000	10.0000
272.4029	2059.0000	10.0000
272.5553	2058.0000	10.0000
272.7077	2059.0000	10.0000
272.8601	2059.0000	10.0000
273.0125	2064.0000	10.0000
273.1649	2063.0000	10.0000
273.3173	2063.0000	10.0000
273.4697	2062.0000	10.0000
273.6221	2063.0000	10.0000
273.7745	2061.0000	10.0000
273.9269	2063.0000	10.0000
274.0793	2061.0000	10.0000
274.2317	2058.0000	10.0000
274.3841	2062.0000	10.0000
274.5365	2060.0000	10.0000
274.6889	2062.0000	10.0000
274.8413	2062.0000	10.0000
274.9937	2063.9961	10.0000
275.1461	2064.0000	10.0000
275.2985	2063.0000	10.0000
275.4509	2062.0000	10.0000
275.6033	2063.0000	10.0000
275.7557	2064.0000	10.0000
275.9081	2062.0000	10.0000
276.0605	2064.0000	10.0000
276.2129	2062.0039	10.0000
276.3653	2063.9961	10.0000
276.5177	2066.0000	10.0000
276.6701	2068.9841	10.0000
276.8225	2068.9839	10.0000
276.9749	2068.0000	10.0000
277.1273	2067.9839	10.0000
277.2797	2070.0000	10.0000
277.4321	2066.0000	10.0000
277.5845	2068.0000	10.0000
277.7369	2068.0000	10.0000
277.8893	2065.0000	10.0000
278.0417	2069.0000	10.0000
278.1941	2066.0000	10.0000
278.3465	2066.0000	10.0000
278.4989	2065.0000	10.0000
278.6513	2054.1274	10.0000
278.8037	2068.0081	10.0000
278.9561	2067.0000	10.0000
279.1085	2070.0000	10.0000
279.2609	2066.0000	10.0000
279.4133	2070.0000	10.0000
279.5657	2071.0000	10.0000
279.7181	2061.0000	10.0000
279.8705	2069.0000	10.0000
280.0229	2070.0000	9.0000
280.1753	2071.0000	9.0000
280.3277	2080.0000	9.0000
280.4801	2074.0000	9.0000
280.6325	2072.0000	9.0000
280.7849	2073.9880	9.0000
280.9373	2073.9680	9.0000
281.0897	2071.0000	9.0000
281.2421	2068.0000	9.0000
281.3945	2066.0000	9.0000
281.5469	2072.0000	10.0000
281.6993	2072.0000	9.0000
281.8517	2071.0000	10.0000
282.0041	2071.0159	9.0000
282.1565	2086.0000	9.0000
282.3089	2099.8279	9.0000
282.4613	2076.9880	9.9960
282.6137	2073.0000	9.0000
282.7661	2075.0000	9.0000
282.9185	2074.0000	9.0000
283.0709	2074.0000	10.0000
283.2233	2074.0000	10.0000
283.3757	2074.0000	9.0000
283.5281	2078.0000	10.0000
283.6805	2075.9919	9.0000
283.8329	2092.0000	10.0000
283.9853	2072.0000	10.0000
284.1377	2062.1240	10.0000
284.2901	2081.9641	10.0000
284.4425	2076.0000	10.0000
284.5949	2080.9280	10.0000
284.7473	2077.0000	10.0000
284.8997	2071.0000	10.0000
285.0521	2073.0000	10.0000
285.2045	2071.0000	10.0000
285.3569	2075.0000	10.0000
285.5093	2064.0000	10.0000
285.6617	2087.0000	10.0000
285.8141	2080.0000	10.0000
285.9665	2075.9961	10.0000
286.1189	2078.0000	10.0000
286.2713	2067.0000	10.0000
286.4237	2071.0000	10.0000
286.5761	2079.0000	10.0000
286.7285	2073.0000	10.0000
286.8809	2081.0000	10.0000
287.0333	2086.0000	10.0000
287.1857	2088.0000	10.0000
287.3381	2087.0000	10.0000
287.4905	2091.0000	10.0000
287.6429	2077.0000	10.0000
287.7953	2097.0000	10.0000
287.9477	2080.0439	10.0000
288.1001	2080.0000	10.0000
288.2525	2081.0000	10.0000
288.4049	2090.0000	10.0000
288.5573	2089.0000	10.0000
288.7097	2094.0000	10.0000
288.8621	2089.0000	10.0000
289.0145	2087.0000	10.0000
289.1669	2086.0000	9.0000
289.3193	2089.0000	10.0000
289.4717	2088.9324	10.0000
289.6241	2093.0200	9.9960
289.7765	2095.0000	10.0000
289.9289	2099.0000	10.0000
290.0813	2092.0000	10.0000
290.2337	2091.0000	10.0000
290.3861	2093.0000	9.0000
290.5385	2090.0000	10.0000
290.6909	2091.0000	10.0000
290.8433	2090.0000	10.0000
290.9957	2092.0000	10.0000
291.1481	2095.0000	10.0000
291.3005	2083.0000	10.0000
291.4529	2086.0039	10.0000
291.6053	2088.9919	10.0000
291.7577	2087.0000	10.0000
291.9101	2089.0000	10.0000
292.0625	2089.0000	10.0000
292.2149	2085.0637	10.0000
292.3673	2091.9880	10.0000
292.5197	2096.9519	10.0000
292.6721	2092.0000	10.0000
292.8245	2094.0000	10.0000
292.9769	2104.0000	10.0000
293.1293	2093.0000	10.0000
293.2817	2092.9961	10.0000
293.4341	2089.0000	10.0000
293.5865	2093.0039	10.0000
293.7389	2083.0840	10.0000
293.8913	2093.0000	10.0000
294.0437	2093.0000	10.0000
294.1961	2096.0000	10.0000
294.3485	2093.0000	10.0000
294.5009	2095.0000	10.0000
294.6533	2095.0000	10.0000
294.8057	2106.0000	10.0000
294.9581	2094.0000	10.0000
295.1105	2101.0000	10.0000
295.2629	2098.0120	10.0000
295.4153	2094.0000	10.0000
295.5677	2090.0000	10.0000
295.7201	2094.0000	10.0000
295.8725	2096.0000	10.0000
296.0249	2097.0000	10.0000
296.1773	2089.0681	10.0000
296.3297	2098.0000	10.0000
296.4821	2094.0161	10.0000
296.6345	2094.0000	10.0000
296.7869	2097.0000	10.0000
296.9393	2096.0000	10.0000
297.0917	2103.0000	10.0000
297.2441	2096.0000	10.0000
297.3965	2098.0000	10.0000
297.5489	2097.0000	10.0000
297.7013	2102.0000	10.0000
297.8537	2098.0000	10.0000
298.0061	2095.0000	10.0000
298.1585	2098.0000	10.0000
298.3109	2093.0000	10.0000
298.4633	2087.0000	10.0000
298.6157	2099.0000	10.0000
298.7681	2104.0000	10.0000
298.9205	2099.0000	10.0000
299.0729	2100.0000	10.0000
299.2253	2100.0000	10.0000
299.3777	2099.0120	10.0000
299.5301	2098.9961	10.0000
299.6825	2093.0559	10.0000
299.8349	2095.0161	10.0000
299.9873	2096.0000	10.0000
300.1397	2101.0000	10.0000
300.2921	2091.0000	10.0000
300.4445	2104.0000	10.0000
300.5969	2107.0000	10.0000
300.7493	2106.0000	10.0000
300.9017	2101.0000	10.0000
301.0541	2102.0000	10.0000
301.2065	2096.0000	10.0000
301.3589	2102.0000	10.0000
301.5113	2099.0518	10.0000
301.6637	2106.0000	10.0000
301.8161	2085.0000	10.0000
301.9685	2085.0000	10.0000
302.1209	2085.0000	10.0000
302.2733	2085.0000	10.0000
302.4257	2085.0000	10.0000
302.5781	2085.0000	10.0000
302.7305	2085.0000	10.0000
302.8829	2085.0000	10.0000
303.0353	2085.0000	10.0000
303.1877	2085.0000	10.0000
303.3401	2085.0000	10.0000
303.4925	2085.0000	10.0000
303.6449	2085.0000	10.0000
303.7973	2085.0000	10.0000
303.9497	2085.0000	10.0000
304.1021	2085.0000	10.0000
304.2545	2085.0000	10.0000
304.4069	2085.0000	10.0000
304.5593	2085.0000	10.0000
304.7117	2085.0000	10.0000
304.8641	2085.0000	10.0000
305.0165	2085.0000	10.0000
305.1689	2085.0000	10.0000
305.3213	2085.0000	10.0000
305.4737	2085.0000	10.0000
305.6261	2085.0000	10.0000
305.7785	2085.0000	10.0000
305.9309	2085.0000	10.0000
306.0833	2085.0000	10.0000
306.2357	2085.0000	10.0000
306.3881	2085.0000	10.0000
306.5405	2085.0000	10.0000
306.6929	2085.0000	10.0000
306.8453	2085.0000	10.0000
306.9977	2085.0000	10.0000
307.1501	2085.0000	10.0000
307.3025	2085.0000	10.0000
307.4549	2085.0000	10.0000
307.6073	2085.0000	10.0000
307.7597	2085.0000	10.0000
307.9121	2085.0000	10.0000
308.0645	2085.0000	10.0000
308.2169	2085.0000	10.0000
308.3693	2085.0000	10.0000
308.5217	2085.0000	10.0000
